Rank,Hoop Intellect | #/##,No Ceilings | #/##,Box and One | 6/28,Yahoo | 6/23,Global Scouting | #/##,The Ringer | 8/2,Athletic | 8/7/2023,NBA Big Board | #/##,ESPN |6/24,Bleacher Report | 7/19
1,,,Ron Holland,Matas Buzelis,,Matas Buzelis,Justin Edwards,,Ron Holland,Ron Holland
2,,,Justin Edwards,Zaccharie Risacher,,Ron Holland,Ron Holland,,Matas Buzelis,Matas Buzelis
3,,,Matas Buzelis,Ron Holland,,Ja'Kobe Walter,Izan Almansa,,Zaccharie Risacher,DJ Wagner
4,,,Elliot Cadeau,Cody Williams,,Stephon Castle,Matas Buzelis,,Isaiah Collier,Justin Edwards
5,,,Alexandre Sarr,Isaiah Collier,,Izan Almansa,Isaiah Collier,,Justin Edwards,Elmarko Jackson
6,,,Izan Almansa,Thierry Darlan,,Aday Mara,Tyrese Proctor,,Cody Williams,Isaiah Collier
7,,,Tyrese Proctor,Tyrese Proctor,,Elliot Cadeau,Donovan Clingan,,DJ Wagner,Donovan Clingan
8,,,Zaccharie Risacher,Justin Edwards,,Justin Edwards,Alexandre Sarr,,Donovan Clingan,Stephon Castle
9,,,Cody Williams,Aaron Bradshaw,,Donovan Clingan,Ja'Kobe Walter,,Stephon Castle,Tyrese Proctor
10,,,Isaiah Collier,Ja'Kobe Walter,,Tyrese Proctor,Garwey Dual,,Kyle Filipowski,Kel'el Ware
11,,,Garwey Dual,AJ Johnson,,Elmarko Jackson,Stephon Castle,,Kel'el Ware,Caleb Foster
12,,,Ja'Kobe Walter,Riley Kugel,,Caleb Foster,Riley Kugel,,Tyrese Proctor,Zaccharie Risacher
13,,,Donovan Clingan,DJ Wagner,,DJ Wagner,Kyle Filipowski,,Ja'Kobe Walter,Aaron Bradshaw
14,,,DJ Wagner,Omaha Biliew,,Isaiah Collier,Melvin Ajinca,,Kylan Boswell,Thierry Darlan
15,,,Bronny James,Trevon Brazile,,Melvin Ajinca,Aday Mara,,Kwame Evans,Kyle Filipowski
16,,,Mackenzie Mgbako,Donovan Clingan,,Thierry Darlan,Terrance Arceneaux,,AJ Johnson,Adem Bona
17,,,Thierry Darlan,Bobi Klintman,,Alexandre Sarr,Trey Alexander,,Bronny James,Ja'Kobe Walter
18,,,Xavier Booker,Elmarko Jackson,,Jared McCain,Mark Mitchell,,Izan Almansa,Alexandre Sarr
19,,,Kwame Evans,Kyle Filipowski,,Kyle Filipowski,Cody Williams,,Alex Sarr,Aday Mara
20,,,Aday Mara,Stephon Castle,,Cody Williams,Elmarko Jackson,,Terrance Arceneaux,Melvin Ajinca
21,,,Riley Kugel,Mackenzie Mgbako,,Kel'el Ware,Omaha Biliew,,Ryan Dunn,Jared McCain
22,,,Jackson Shelstad,Trey Alexander,,Riley Kugel,DJ Wagner,,Dillon Mitchell,Judah Mintz
23,,,Kylan Boswell,Jared McCain,,Berke Buyuktuncel,AJ Johnson,,Ugonna Onyenso,Trevon Brazile
24,,,Judah Mintz,Adem Bona,,Baba Miller,Bobi Klintman,,Freddie Dilione,Izan Almansa
25,,,Oso Ighodaro,Dillon Mitchell,,Zaccharie Risacher,Mackenzie Mgbako,,Bobi Klintman,Baba Miller
26,,,Stephon Castle,Kel'el Ware,,Bobi Klintman,Berke Buyuktuncel,,Omaha Biliew,Elliot Cadeau
27,,,Adem Bona,London Johnson,,AJ Johnson,Judah Mintz,,Mark Mitchell,Cody Williams
28,,,Robert Dillingham,Bronny James,,Trevon Brazile,Oso Ighodaro,,Juan Nunez,Tristan da Silva
29,,,Baba Miller,Kylan Boswell,,Adem Bona,Thierry Darlan,,Adem Bona,Xavier Booker
30,,,Trey Alexander,Trentyn Flowers,,Omaha Biliew,Scotty Middleton,,Reece Beekman,Mackenzie Mgbako
31,,,,,,,Tristan da Silva,,Mackenzie Mgbako,Bobi Klintman
32,,,,,,,Ryan Dunn,,Aaron Bradshaw,Ajay Mitchell
33,,,,,,,Zach Edey,,Xavier Booker,Zvonimir Ivisic
34,,,,,,,Terrance Shannon Jr.,,Riley Kugel,Trey Alexander
35,,,,,,,Trevon Brazile,,JJ Starling,Reece Beekman
36,,,,,,,Zaccharie Risacher,,Robert Dillingham,Bronny James
37,,,,,,,Bronny James,,Tristan da Silva,Omaha Biliew
38,,,,,,,Aaron Bradshaw,,Baba Miller,Robert Dillingham
39,,,,,,,Adem Bona,,Zach Edey,Sean Stewart
40,,,,,,,Bryce Hopkins,,Babacar Sane,London Johnson
41,,,,,,,Tyler Smith,,Tyler Smith,Dillon Jones
42,,,,,,,Kwame Evans,,Judah Mintz,Tyler Smith
43,,,,,,,Juan Nunez,,Baylor Scheierman,Terrance Arceneaux
44,,,,,,,Nikola Djurisic,,Nikola Djurisic,Riley Kugel
45,,,,,,,Reece Beekman,,Ajay Mitchell,Nikola Djurisic
46,,,,,,,Alex Karaban,,Trey Alexander,Jalen Bridges
47,,,,,,,Jan Vide,,Ryan Kalkbrenner,Baylor Scheierman
48,,,,,,,Baba Miller,,Milos Uzan,Kobe Johnson
49,,,,,,,Milos Uzan,,Mantas Rubstavicius,RJ Luis
50,,,,,,,PJ Hall,,Nae'Qwan Tomlin,DaRon Holmes II
51,,,,,,,Ryan Kalkbrenner,,Trevon Brazile,
52,,,,,,,DaRon Holmes II,,Miles Kelly,
53,,,,,,,Wooga Poplar,,Tyler Kolek,
54,,,,,,,Kevin McCullar,,DaRon Holmes II,
55,,,,,,,Ajay Mitchell,,Alex Karaban,
56,,,,,,,Baylor Scheierman,,Ousmane Ndiaye,
57,,,,,,,Coleman Hawkins,,Matthew Murrell,
58,,,,,,,Dillon Jones,,Zhuric Phelps,
59,,,,,,,Dillon Mitchell,,Dillon Jones,
60,,,,,,,,,,
61,,,,,,,,,,
62,,,,,,,,,,
63,,,,,,,,,,
64,,,,,,,,,,
65,,,,,,,,,,
66,,,,,,,,,,
67,,,,,,,,,,
68,,,,,,,,,,
69,,,,,,,,,,
70,,,,,,,,,,
