Rank,No Ceilings | 11/5/25,CBS | …,Yahoo | …,The Ringer | …,The Athletic | 11/4/2025,NBA Big Board | …,ESPN | 11/18/2025,Bleacher Report | 11/18/25,Fox Sports | …,Sports Illustrated | …
1,Cameron Boozer,,,,Darryn Peterson,,Darryn Peterson,Darryn Peterson,,
2,Darryn Peterson,,,,AJ Dybantsa,,AJ Dybantsa,Cameron Boozer,,
3,AJ Dybantsa,,,,Cameron Boozer,,Cameron Boozer,AJ Dybantsa,,
4,Caleb Wilson,,,,Nate AMent,,Nate Ament,Caleb Wilson,,
5,Mikel Brown Jr.,,,,Mikel Brown Jr.,,Caleb Wilson,Nate Ament,,
6,Jayden Quaintance,,,,Chis Cenac Jr.,,Mikel Brown Jr.,Mikel Brown Jr.,,
7,Tounde Yessoufou,,,,Jayden Quaintance,,Chris Cenac Jr.,Koa Peat,,
8,Nate Ament,,,,Koa Peat,,Koa Peat,Jayden Quaintance,,
9,Hannes Steinbach,,,,Tounde Yessoufou,,Jayden Quaintance,Kingston Flemings,,
10,Braylon Mullins,,,,Labaron Philon,,Dame Sarr,Dame Sarr,,
11,Isaiah Evans,,,,Braylon Mullins,,Karim Lopez,Karim Lopez,,
12,Shon Abaev,,,,Bennett Stirtz,,Neoklis Avdalas,Hannes Steinbach,,
13,Meleek Thomas,,,,Brayden Burries,,Braylon Mullins,Braylon Mullins,,
14,Bennett Stirtz,,,,Dash Daniels,,Darius Acuff Jr.,Tounde Yessoufou,,
15,Koa Peat,,,,Yaxel Lendeborg,,Thomas Haugh,Bennett Stirtz,,
16,Chris Cenac Jr.,,,,Caleb Wilson,,Labaron Philon,Labaron Philon,,
17,Dame Sarr,,,,Thomas Haugh,,Tounde Yessoufou,Neoklis Avdalas,,
18,Thomas Haugh,,,,Isiah Harwell,,Yaxel Lendeborg,Darius Acuff Jjr.,,
19,Labaron Philon,,,,Karter Knox,,Kingston Flemings,Chris Cenac Jr.,,
20,Darius Acuff Jr.,,,,Dwayne Aristode,,Bennett Stirtz,Meleek Thomas,,
21,Billy Richmond III,,,,JoJo Tugler,,Hannes Steinbach,Aday Mara,,
22,Yaxel Lendeborg,,,,Patrick Ngongba II,,Isaiah Evans,Cayden Boozer,,
23,Neoklis Avdalas,,,,Darius Acuff Jr.,,Dash Daniels,Brayden Burries,,
24,Brayden Burries,,,,Karim Lopez,,Aday Mara,JT Toppin,,
25,Patrick Ngongba II,,,,Dame Sarr,,Zuby Ejiofor,Zuby Ejiofor,,
26,Bryson Tiller,,,,Miles Byrd,,Miles Byrd,Yaxel Lendeborg,,
27,Nikolas Khamenia,,,,Milos Uzan,,Meleek Thomas,Anthony Robinson II,,
28,Alex Condon,,,,Neoklis Avdalas,,Alex Condon,Christian Anderson,,
29,Karim Lopez,,,,Sergio De Larrea,,Joseph Tugler,Henri Veesaar,,
30,Christian Anderson,,,,Isaiah Evans,,Dwayne Aristode,Tahaad Pettiford,,
31,Henri Veesaar,,,,Tahaad Pettiford,,Sergio de Larrea,Karter Knox,,
32,Magoon Gwath,,,,Braden Smith,,Patrick Ngongba,Thomas Haugh,,
33,Tahaad Pettiford,,,,Hannes Steinbach,,Nikolas Khamenia,Isaiah Evans,,
34,Ryan Conwell,,,,Christian Anderson Jr.,,Cameron Carr,Patrick Ngongba II,,
35,JT Toppin,,,,Tomislav Ivisic,,Braden Smith,Sergio de Larrea,,
36,Cameron Carr,,,,JT Toppin,,JT Toppin,Cameron Carr,,
37,Otega Oweh,,,,Cameron Carr,,Karter Knox,Darrion Williams,,
38,John Blackwell,,,,Nate Bittle,,Alex Karaban,Shon Abaev,,
39,Karter Knox,,,,Adam Atamna,,Tahaad Pettiford,Dash Daniels,,
40,Alvaro Folgueras,,,,FLory Bidunga,,Henri Veesaar,Alex Condon,,
41,Thomislav Ivisic,,,,Boogie Fland,,Magoon Gwath,Juke Harris,,
42,Paul McNeil Jr.,,,,Paul McNeil,,Paul McNeil Jr.,Paul McNeil Jr.,,
43,Dash Daniels,,,,Henri Veesaar,,Tomislav Ivisic,Donovan Dent,,
44,Tucker DeVries,,,,Alex Karaban,,Darrion Williams,Alvaro Folgueiras,,
45,Tyrone Riley IV,,,,Anthony Robinson II,,Brayden Burries,Amael L'Etang,,
46,Aday Mara,,,,Joshua Jefferson,,Wesley Yates III,Milos Uzan,,
47,London Jemison,,,,Donovan Dent,,Motiejus Krivas,Adam Atamna,,
48,Flory Bidunga,,,,Richie Saunders,,Milos Uzan,Ryan Conwell,,
49,Boogie Fland,,,,Darrion WIlliams,,Andrej Stojakovic,Alex Karaban,,
50,LeJuan Watts,,,,Alex Condon,,Mouhamed Sylla,Miles Byrd,,
51,Isiah Harwell,,,,Otega Oweh,,Adam Atamna,Donnie Freeman,,
52,Chase Ross,,,,Johann Grunloh,,Dailyn Swain,Morez Johnson Jr.,,
53,Brayden Smith,,,,Momo Faye,,Morez Johnson Jr.,Richie Saunders,,
54,Dwayne Aristode,,,,Tucker DeVries,,Moustapha Thiam,Welsey Yates III,,
55,Matt Able,,,,Trey Kaufman-Renn,,Michael Ruzic,Moustapha Thiam,,
56,Xaivian Lee,,,,Ryan Conwell,,Boogie Fland,Tomislav Ivisic,,
57,Adrian Wooley,,,,Mackenzie Mgbako,,Richie Saunders,Braden Smith,,
58,Alex Karaban,,,,Josh Dix,,Nolan Winter,Otega Oweh,,
59,Derek DIxon,,,,Dailyn Swain,,Solo Ball,Elyjah Freeman,,
60,Alexandros Samodurov,,,,Silas Demary Jr.,,Tucker DeVries,Jaron Pierre Jr.,,
